Statistic,Match played,Starts,Minutes,Goals,Assists,Yellow cards,Red cards,xG,xAG,Possession_ProgC,PrgPasses,PrgR,Goals per 90,Assists per 90,xG per 90,xAG per 90,SoT/90,Cmp,TotDist,KP,1/3,PPA,CrsPA,PrgPasses.1,SCA,SCA90,GCA,GCA90,Tkl,TklW,Att,Blocks,Block shot,Pass,Int,Touches,Def Pen,Def 3rd,Mid 3rd,Att 3rd,Att Pen,Possession_Att,Carries,Possession_ProgC.1,Possession_1/3,Possession_CPA,Possession_Mis,Possession_Dis,Rec,PrgR.1,Fls,Fld,Off,Crs,Recov,Won,Lost
Median,22.0,15.0,1348.0,1.0,1.0,2.0,0.0,0.9,0.8,15.0,38.0,24.0,0.03,0.04,0.07,0.07,0.23,449.0,7266.0,8.0,28.0,6.0,1.0,38.0,20.0,1.83,2.0,0.16,17.0,10.0,7.0,12.0,3.0,8.0,7.0,734.0,31.0,158.0,272.0,140.0,20.0,13.0,392.0,15.0,13.0,2.0,12.0,7.0,481.0,24.0,12.0,10.0,1.0,9.0,44.0,10.0,13.0
Mean,20.8592132505176,15.31055900621118,1372.9792960662526,2.002070393374741,1.4886128364389235,2.927536231884058,0.09109730848861283,2.026086956521739,1.496687370600414,26.1055900621118,51.49068322981366,50.850931677018636,0.1217391304347826,0.08991718426501037,0.13335403726708076,0.09780538302277433,0.4096687370600414,548.8385093167702,9420.238095238095,13.58592132505176,42.850931677018636,11.554865424430641,2.7370600414078674,51.49068322981366,31.751552795031056,2.0954658385093166,3.4761904761904763,0.21403726708074536,24.511387163561075,14.635610766045549,11.401656314699792,15.138716356107661,5.128364389233955,10.010351966873706,11.095238095238095,829.664596273292,93.87577639751552,274.35403726708074,352.5652173913044,210.91097308488614,34.316770186335404,25.217391304347824,465.1532091097308,26.1055900621118,17.459627329192546,8.047619047619047,18.77225672877847,13.08695652173913,542.7784679089027,50.850931677018636,15.325051759834368,14.815734989648034,2.3768115942028984,24.27536231884058,57.67080745341615,17.890269151138718,17.88198757763975
Std,9.591709172870052,10.650756908122041,900.171629316354,3.5025177457580208,2.2140101666079093,2.5848520460222875,0.3088988555491032,3.069597708496658,1.858553569006033,30.365669593279183,49.53209923803371,63.53770513007664,0.18729200984321118,0.12521845382018348,0.16123593225410157,0.10216813197313515,0.5983687142999423,453.92030348558484,8180.380865142814,15.285742025283135,44.22160497585485,14.303272415681821,4.266925444567737,49.53209923803371,32.06121564154579,1.4569014255851578,4.209866939499496,0.2257859823186612,22.419366228702394,13.774101283634954,11.73126463195839,13.608157945298567,7.226628003327712,9.291381389929256,11.64656014320684,614.8003043606118,173.8977530616296,302.5168026595267,311.88883371609944,208.82344371975208,40.8717388121678,30.96953977718209,354.9724104249748,30.365669593279183,18.193517308645916,14.108934866760539,19.140501920698874,14.681991949527472,415.7889897733404,63.53770513007664,13.679039215012985,14.46892509449837,3.9413280745708756,35.647198676306076,46.055051362317144,20.92791343435339,18.214163547022622
Team,Statistic,Match played,Starts,Minutes,Goals,Assists,Yellow cards,Red cards,xG,xAG,Possession_ProgC,PrgPasses,PrgR,Goals per 90,Assists per 90,xG per 90,xAG per 90,SoT/90,Cmp,TotDist,KP,1/3,PPA,CrsPA,PrgPasses.1,SCA,SCA90,GCA,GCA90,Tkl,TklW,Att,Blocks,Block shot,Pass,Int,Touches,Def Pen,Def 3rd,Mid 3rd,Att 3rd,Att Pen,Possession_Att,Carries,Possession_ProgC.1,Possession_1/3,Possession_CPA,Possession_Mis,Possession_Dis,Rec,PrgR.1,Fls,Fld,Off,Crs,Recov,Won,Lost
Arsenal,Median,22.5,16.0,1427.5,2.0,1.5,2.5,0.0,1.65,0.9,23.0,55.5,51.0,0.1,0.11,0.095,0.095,0.225,459.5,7044.5,10.0,39.5,9.0,1.5,55.5,24.0,2.245,3.0,0.25,19.0,12.0,6.0,10.0,1.5,7.5,6.0,738.5,24.0,120.5,291.0,223.5,37.0,22.5,406.5,23.0,19.0,4.5,15.0,13.5,528.5,51.0,14.0,17.0,1.5,11.0,48.0,10.5,15.5
Arsenal,Mean,22.59090909090909,17.0,1519.4545454545455,2.772727272727273,2.272727272727273,2.909090909090909,0.22727272727272727,2.4999999999999996,1.886363636363636,34.31818181818182,75.18181818181819,74.18181818181819,0.165,0.13863636363636364,0.15227272727272723,0.12090909090909087,0.41090909090909095,700.4090909090909,11484.318181818182,17.136363636363637,56.95454545454545,17.863636363636363,3.0,75.18181818181819,38.81818181818182,2.458636363636364,4.909090909090909,0.29636363636363644,24.09090909090909,14.272727272727273,8.863636363636363,13.181818181818182,4.318181818181818,8.863636363636363,9.272727272727273,983.7727272727273,73.5909090909091,246.1818181818182,427.95454545454544,316.90909090909093,52.5,29.727272727272727,578.1818181818181,34.31818181818182,21.363636363636363,11.772727272727273,19.318181818181817,15.681818181818182,693.6818181818181,74.18181818181819,16.636363636363637,16.318181818181817,3.409090909090909,31.818181818181817,58.04545454545455,19.5,18.954545454545453
Arsenal,Std,7.926201822100881,10.155927192672127,881.6773369021836,2.8103858095052354,2.6758499883538236,1.9738550848793073,0.5284134548067254,2.587515815456612,2.128557628009535,31.38301992151073,60.81559665527254,75.04134502528233,0.16695451333764394,0.1549284152530253,0.14182255238020633,0.11939965266397157,0.4100512057560511,551.782622751535,9779.359723838013,17.313070907335423,52.282635989150606,17.81731489188845,3.625307868699863,60.81559665527254,33.092419450808144,1.4281332986156157,5.485123525188843,0.3097394520214178,20.3280455831208,12.329530243172934,8.293976325625923,10.83924247764471,6.79205673062546,7.272226714375822,8.647497949072944,662.5281975539702,163.87238330071972,327.21445368641446,385.05231274436403,232.44843956515834,48.60114637095948,28.687448422083428,402.19003283376196,31.38301992151073,17.956416692450095,14.582872596308766,15.28580531590809,13.357310691817757,483.47328545527495,75.04134502528233,11.0606357112809,11.712371821268896,3.724552909047524,42.05057766845876,40.02793937658958,19.81521781719437,17.761588498048987
Aston Villa,Median,21.0,12.5,1094.5,1.0,0.0,2.0,0.0,0.8500000000000001,0.55,18.0,34.5,23.0,0.05,0.0,0.08499999999999999,0.055,0.22,488.5,7160.0,8.0,23.5,8.0,0.0,34.5,22.5,1.94,2.0,0.18,11.0,6.0,5.5,10.5,3.0,6.0,6.0,693.0,31.5,144.0,256.0,118.5,20.0,17.0,411.5,18.0,13.5,2.0,10.0,8.0,483.5,23.0,8.5,10.0,0.5,6.0,39.5,9.5,10.0
Aston Villa,Mean,19.615384615384617,14.115384615384615,1260.6923076923076,2.0,1.5769230769230769,2.3846153846153846,0.038461538461538464,2.0384615384615383,1.4846153846153847,24.192307692307693,45.26923076923077,44.73076923076923,0.1892307692307692,0.0926923076923077,0.20192307692307693,0.09307692307692308,0.4984615384615385,506.7692307692308,8654.5,12.576923076923077,39.38461538461539,11.076923076923077,2.1923076923076925,45.26923076923077,29.615384615384617,2.0553846153846154,3.5384615384615383,0.23384615384615381,21.73076923076923,12.538461538461538,9.961538461538462,11.346153846153847,3.730769230769231,7.615384615384615,8.384615384615385,744.7692307692307,89.73076923076923,249.15384615384616,318.15384615384613,184.80769230769232,32.73076923076923,24.73076923076923,422.46153846153845,24.192307692307693,15.5,7.076923076923077,17.5,13.26923076923077,499.53846153846155,44.73076923076923,14.038461538461538,16.807692307692307,2.0384615384615383,20.76923076923077,47.69230769230769,12.807692307692308,14.038461538461538
Aston Villa,Std,9.928048843864227,11.399392696374392,919.9748591882616,3.370459909270543,2.4194722882988664,2.3164960276576876,0.19611613513818402,3.0137122521006443,2.001537870277214,23.243096576436166,47.16232198889931,51.91574535133456,0.2992246390513064,0.11773046138727877,0.2539924287181684,0.10806550719889231,0.6807918466473717,413.8659983803751,7751.897683793305,14.846341170599782,45.96353069386809,12.718248548988424,3.9599922299846066,47.16232198889931,29.437495712885532,1.2940919001963678,3.80768453767661,0.20439328605562215,20.671831447276638,12.611838150660732,10.289726018629532,8.899178873097485,4.200549414614163,6.299694742299332,8.443112805485535,554.5062890674772,192.97078694814044,297.7432037589026,293.4290636331299,168.372686438334,38.14452274422391,29.83763756373174,306.1504506962851,23.243096576436166,13.082048769210425,10.702983049311353,21.786693186438367,15.230384610528237,372.2675629994352,51.91574535133456,13.589645379422581,17.304379170069595,2.99974357878495,34.66099559136487,35.60423483887189,11.757616189582754,13.949855251523635
Bournemouth,Median,25.0,17.0,1580.0,1.0,1.0,3.0,0.0,1.1,1.1,19.0,41.0,31.0,0.03,0.05,0.08,0.1,0.15,436.0,7088.0,11.0,37.0,7.0,2.0,41.0,28.0,2.35,2.0,0.22,21.0,10.0,10.0,15.0,3.0,8.0,10.0,783.0,44.0,159.0,298.0,127.0,19.0,16.0,479.0,19.0,15.0,1.0,17.0,8.0,413.0,31.0,15.0,10.0,0.0,10.0,56.0,20.0,22.0
Bournemouth,Mean,21.608695652173914,16.217391304347824,1451.7391304347825,2.260869565217391,1.6521739130434783,3.782608695652174,0.08695652173913043,2.639130434782609,1.7739130434782608,29.26086956521739,57.43478260869565,56.608695652173914,0.13434782608695653,0.10130434782608697,0.1817391304347826,0.1291304347826087,0.5434782608695652,488.9130434782609,8854.95652173913,17.434782608695652,47.34782608695652,12.956521739130435,3.9130434782608696,57.43478260869565,40.130434782608695,2.599565217391304,3.869565217391304,0.23000000000000004,27.47826086956522,15.91304347826087,11.521739130434783,18.47826086956522,5.565217391304348,12.91304347826087,14.0,829.0869565217391,87.47826086956522,249.65217391304347,354.17391304347825,235.52173913043478,39.130434782608695,26.434782608695652,445.1304347826087,29.26086956521739,20.347826086956523,9.0,22.956521739130434,13.826086956521738,484.0,56.608695652173914,19.82608695652174,15.304347826086957,2.739130434782609,32.30434782608695,71.43478260869566,22.782608695652176,24.217391304347824
Bournemouth,Std,9.838417881100703,11.32959327577413,975.7558011096884,3.4930761554349172,1.991086858344044,3.147242974401714,0.28810406552003043,3.500095989649269,1.8273720304167422,34.02167409608756,51.583847090270524,70.37738475238321,0.1811284347677717,0.11577031916004626,0.20211725161205188,0.14881083304524761,0.6548810349677828,394.51787758126414,7609.613456186141,16.255980960743262,47.00832488714793,13.656427926636416,5.264918573817909,51.583847090270524,35.78509637446355,1.8688972885364286,4.026100615484902,0.20522714688408505,23.125879964028872,14.406163590877156,10.50917160136971,16.525103672394895,7.082796616107111,12.58033473856667,15.300029708824395,608.2685496213807,146.08150575658328,270.36097228699333,312.7164925984605,234.76174954916186,47.7772334027469,31.649825630650678,332.0133217956809,34.02167409608756,19.816450227140656,15.888818252297604,21.07449613518147,17.001743691090905,357.83973050413607,70.37738475238321,17.739663248605172,13.569467004367148,5.074153680479389,40.418756652426396,56.26384765868474,20.828207538072302,20.54032955772426
Brentford,Median,26.0,21.0,1913.0,0.0,1.0,2.0,0.0,0.8,1.2,12.0,51.0,27.0,0.0,0.06,0.06,0.08,0.17,471.0,7521.0,8.0,41.0,7.0,2.0,51.0,21.0,1.72,2.0,0.2,24.0,16.0,13.0,17.0,4.0,12.0,8.0,762.0,47.0,216.0,325.0,158.0,24.0,12.0,382.0,12.0,9.0,1.0,14.0,8.0,475.0,27.0,11.0,10.0,1.0,13.0,50.0,12.0,14.0
Brentford,Mean,22.238095238095237,17.285714285714285,1547.6666666666667,2.6666666666666665,1.7619047619047619,2.2857142857142856,0.047619047619047616,2.419047619047619,1.7380952380952381,24.523809523809526,55.904761904761905,55.285714285714285,0.11142857142857145,0.08190476190476192,0.11809523809523811,0.09380952380952381,0.31380952380952387,553.8571428571429,10141.904761904761,13.619047619047619,45.76190476190476,13.523809523809524,3.7142857142857144,55.904761904761905,32.285714285714285,1.8771428571428572,4.619047619047619,0.26571428571428574,25.952380952380953,15.571428571428571,11.952380952380953,19.952380952380953,8.19047619047619,11.761904761904763,12.238095238095237,889.047619047619,138.52380952380952,348.85714285714283,329.7142857142857,218.66666666666666,40.80952380952381,25.714285714285715,470.7142857142857,24.523809523809526,15.19047619047619,8.666666666666666,21.285714285714285,12.047619047619047,545.6190476190476,55.285714285714285,12.428571428571429,14.19047619047619,2.9523809523809526,27.904761904761905,67.33333333333333,26.0,23.095238095238095
Brentford,Std,10.839302384862053,12.625937023218741,1066.3490204118598,5.11207720338155,2.447544931247676,1.5856499343441837,0.21821789023599242,3.832834336051983,2.198971621116605,31.18592478606182,52.115165510535185,73.31039684597464,0.18738424998611047,0.09877343001126607,0.15686360468952149,0.08169921605965326,0.373543520763996,426.45073404958345,8967.726684644007,16.7405979298118,38.29608956787202,17.89306862340568,5.0412583463145095,52.115165510535185,34.527008062012634,1.1752027180752385,5.696281159460009,0.24904962213525697,21.287264245262218,12.484275824297653,9.335288910773947,18.334328977293364,12.131030655385583,9.74630577144367,11.911778884384825,639.2070459710591,274.65207427718786,401.4415630841288,263.55021207677726,222.9251742924817,44.295167961775526,32.42243491340966,345.33608888402364,31.18592478606182,18.24724375794615,16.67433157081067,23.82255833688493,12.997985191852583,392.17349173426754,73.31039684597464,10.107281674967947,13.555880818371957,4.477456761111049,42.81810920849351,53.943797913507474,29.816103031751148,23.08225457338334
Brighton,Median,20.0,9.0,895.5,1.0,1.0,2.0,0.0,0.75,0.9500000000000001,16.5,38.5,26.5,0.045,0.035,0.09,0.09,0.31,333.0,4728.0,10.5,21.5,7.5,1.0,38.5,23.5,2.8099999999999996,3.0,0.3,16.5,10.0,7.0,12.0,2.0,9.0,8.5,630.0,22.5,118.0,227.0,147.0,13.0,12.0,367.5,16.5,15.5,2.5,11.5,7.0,408.0,26.5,10.5,9.0,1.0,10.0,39.0,11.5,13.0
Brighton,Mean,18.964285714285715,13.357142857142858,1198.4642857142858,1.9285714285714286,1.2857142857142858,2.607142857142857,0.10714285714285714,1.8821428571428576,1.292857142857143,25.857142857142858,48.92857142857143,48.642857142857146,0.12249999999999998,0.09035714285714283,0.12964285714285714,0.10178571428571427,0.36821428571428566,506.7142857142857,8630.5,11.821428571428571,37.892857142857146,10.892857142857142,2.8214285714285716,48.92857142857143,29.928571428571427,2.5157142857142856,3.5714285714285716,0.31535714285714284,22.428571428571427,13.642857142857142,9.0,13.964285714285714,3.892857142857143,10.071428571428571,10.071428571428571,759.8571428571429,82.85714285714286,242.03571428571428,330.85714285714283,195.64285714285714,33.75,27.071428571428573,446.07142857142856,25.857142857142858,18.464285714285715,8.25,18.75,11.642857142857142,501.67857142857144,48.642857142857146,14.142857142857142,13.571428571428571,1.4285714285714286,21.857142857142858,52.714285714285715,16.785714285714285,15.357142857142858
Brighton,Std,9.758119668814247,9.866570141097986,866.1779597383601,2.9555794246559732,1.5836465855538944,2.543536262681686,0.314970394174356,2.6435180783735586,1.396537668778562,29.882131767024237,49.26416214610446,62.019240912689696,0.14913640288898838,0.12638806034963035,0.11955107827811641,0.07635460991339328,0.33152904538894923,475.47783818299524,9037.876403718348,9.95193475114288,47.67353430380292,10.329172229264016,3.77176225075103,49.26416214610446,23.288732884488997,1.1998840331972473,2.8470721989124383,0.270383570381551,18.954973101827534,11.58611648647187,8.228226036254942,12.093714752214742,5.328743064316635,9.78634184833571,9.490457474157031,608.3757802107921,190.67729463108788,318.2841127907996,318.14633417201264,177.23665164923054,41.945842507973346,31.683537694622437,381.0067490965782,29.882131767024237,18.389776030008154,14.788947324369067,18.721397937673906,12.278298487844877,418.4201373926229,62.019240912689696,12.213272336438797,14.420737566354639,1.7935805576921315,27.30447566854913,43.19967176046179,17.70824696524223,14.288597592626827
Chelsea,Median,17.5,11.5,1046.5,1.0,1.0,2.5,0.0,0.75,1.05,11.0,33.0,11.5,0.05,0.065,0.08499999999999999,0.1,0.315,400.5,6768.5,6.5,26.5,4.0,0.0,33.0,15.0,1.83,2.0,0.185,12.5,9.0,5.5,9.0,1.5,6.5,7.5,708.5,25.5,131.5,254.5,91.5,12.5,14.0,399.0,11.0,10.0,1.5,6.0,6.5,485.0,11.5,9.0,11.0,1.0,3.5,42.5,9.0,8.5
Chelsea,Mean,19.153846153846153,14.384615384615385,1291.423076923077,2.1923076923076925,1.6923076923076923,3.6153846153846154,0.038461538461538464,2.4461538461538463,1.8769230769230771,30.115384615384617,56.53846153846154,55.80769230769231,0.14615384615384613,0.13230769230769232,0.155,0.15307692307692308,0.4511538461538461,628.5,10911.384615384615,16.346153846153847,52.15384615384615,12.653846153846153,2.730769230769231,56.53846153846154,38.03846153846154,2.3530769230769226,3.8076923076923075,0.2423076923076923,20.53846153846154,13.0,8.615384615384615,12.576923076923077,3.8461538461538463,8.73076923076923,9.961538461538462,880.5384615384615,82.96153846153847,264.2307692307692,396.5769230769231,227.19230769230768,39.76923076923077,27.923076923076923,510.46153846153845,30.115384615384617,17.46153846153846,11.038461538461538,16.076923076923077,10.76923076923077,623.4230769230769,55.80769230769231,15.26923076923077,15.923076923076923,2.230769230769231,23.653846153846153,55.19230769230769,14.076923076923077,14.192307692307692
Chelsea,Std,10.880045248774687,11.398515422902836,995.1280188227813,3.47585075363406,2.2048896710580466,3.2505620815720233,0.19611613513818402,3.9643643393846406,2.3167749467408685,38.78590148296355,61.782347491322,74.49994321112962,0.20581694630087044,0.18394146226031136,0.1757782694191748,0.1694171002176399,0.4953409082486681,578.7588271465067,10370.323385804024,20.903477811488322,57.66155898530133,16.88772881755817,5.333349358950282,61.782347491322,45.51437642699789,1.641613277799054,4.578377273831686,0.24905112233929308,23.060322234055217,14.29405470816451,9.351264826009038,12.924931185652252,5.576323575204779,9.408752063085485,11.083251397422217,750.0712622554863,173.8582136729193,324.2684452970788,405.73815921866884,254.6830216925768,49.749217233888366,32.571058413165616,416.161048707755,38.78590148296355,18.573595816062692,20.18807721251486,19.002995715250954,11.690364210948065,532.8600696675948,74.49994321112962,15.731643759779693,16.3851715326342,3.829440609882256,40.0309303491111,49.16504386717802,16.341170281036977,14.50522452296201
Crystal Palace,Median,29.0,21.0,1869.0,0.0,1.0,3.0,0.0,1.0,1.5,14.0,59.0,12.0,0.0,0.04,0.07,0.12,0.31,521.0,9826.0,11.0,31.0,11.0,2.0,59.0,38.0,2.08,3.0,0.16,30.0,14.0,12.0,19.0,3.0,15.0,11.0,935.0,27.0,172.0,371.0,178.0,26.0,13.0,433.0,14.0,17.0,1.0,16.0,15.0,518.0,12.0,12.0,19.0,1.0,13.0,67.0,17.0,21.0
Crystal Palace,Mean,25.105263157894736,18.894736842105264,1691.0,1.894736842105263,1.6842105263157894,3.789473684210526,0.21052631578947367,2.615789473684211,2.057894736842105,22.63157894736842,51.78947368421053,52.578947368421055,0.08157894736842106,0.06842105263157897,0.13263157894736843,0.10789473684210525,0.49000000000000005,538.2105263157895,9643.052631578947,17.0,40.26315789473684,12.526315789473685,3.0526315789473686,51.78947368421053,39.473684210526315,2.337894736842105,3.8947368421052633,0.1936842105263158,34.94736842105263,20.31578947368421,17.105263157894736,21.57894736842105,6.052631578947368,15.526315789473685,14.105263157894736,917.8421052631579,115.52631578947368,342.0,380.10526315789474,204.42105263157896,34.8421052631579,21.894736842105264,461.10526315789474,22.63157894736842,16.05263157894737,5.578947368421052,22.789473684210527,15.473684210526315,534.2105263157895,52.578947368421055,18.736842105263158,18.263157894736842,3.3157894736842106,27.68421052631579,75.10526315789474,22.736842105263158,28.789473684210527
Crystal Palace,Std,8.949827663406618,12.409202395543689,1034.8440569584493,3.510218999848953,2.135744251723958,3.2588162023863316,0.41885390829169555,3.4729531394437103,2.1391368429225226,22.455413913688776,38.63300107330292,64.57925001239751,0.1328433981086476,0.08288299369155806,0.14184663491340677,0.07539370349250518,0.4860041152089147,382.87183509010316,7499.754621716961,15.954797258365758,32.05350059798142,12.116877215284983,4.209429681751916,38.63300107330292,33.987527812178776,1.5050270538261223,3.2641952699300814,0.1660391696195606,29.607569760696386,18.508414397478028,17.230124578262807,18.050287130599227,6.956002078225732,12.988749067526914,14.41023840053432,601.0019655318104,222.3231802831816,368.8180822272381,265.51457267745883,179.9071722952558,35.87518975233555,29.61023609955424,302.683717349543,22.455413913688776,13.906328232581046,7.812495614033857,20.64132572015131,14.388917112573642,338.95207444700765,64.57925001239751,16.254374130140267,15.198106992002355,5.142984775172956,31.987936322548826,52.8665980840687,22.15812393097283,25.257735772912604
Everton,Median,23.5,14.5,1281.0,1.0,1.0,3.0,0.0,1.1,1.05,12.0,36.0,23.5,0.04,0.03,0.05,0.06,0.25,412.0,7161.5,8.0,34.5,8.0,1.0,36.0,24.5,1.79,2.0,0.09,23.5,13.5,12.0,12.5,3.0,7.5,9.5,689.5,31.0,165.5,292.0,171.0,18.5,18.0,325.5,12.0,10.0,2.0,12.5,11.0,404.0,23.5,15.0,13.0,1.0,6.5,55.0,10.0,14.5
Everton,Mean,21.727272727272727,16.954545454545453,1520.2727272727273,1.4090909090909092,0.9090909090909091,3.227272727272727,0.09090909090909091,1.6727272727272728,1.2818181818181822,19.727272727272727,41.31818181818182,40.5,0.09045454545454545,0.05818181818181818,0.11318181818181819,0.08272727272727273,0.7295454545454546,447.09090909090907,8471.818181818182,11.681818181818182,39.77272727272727,9.909090909090908,3.590909090909091,41.31818181818182,27.681818181818183,2.1,2.272727272727273,0.13954545454545456,29.545454545454547,17.363636363636363,14.863636363636363,15.727272727272727,5.7272727272727275,10.0,13.454545454545455,769.0454545454545,99.04545454545455,280.8181818181818,309.04545454545456,187.36363636363637,28.59090909090909,25.90909090909091,371.27272727272725,19.727272727272727,13.954545454545455,4.909090909090909,20.40909090909091,15.454545454545455,441.6818181818182,40.5,17.40909090909091,14.727272727272727,3.4545454545454546,27.0,60.95454545454545,24.318181818181817,22.363636363636363
Everton,Std,9.166096007424098,10.558126063560048,893.0565055347405,1.9678146183760226,1.1087999050492516,2.2239351262767193,0.29424494316824984,1.9523323824599468,1.113824968568249,19.988524846549474,34.32392801868741,39.9043499240013,0.12120338171956975,0.07920055096227094,0.1233804168931491,0.07317180163227194,1.8798846906702682,337.366539268763,7723.63523858431,10.213839181351487,34.37736217779122,10.299833983447504,5.351093265324305,34.32392801868741,20.296343474664557,1.825987012940829,2.119789256861751,0.15037975017956795,28.555255162624576,17.206160177446566,14.717322008421476,14.42280541424989,9.341060499504929,8.591246929842246,12.801515061850607,516.373109593914,214.25229393064956,354.33621864573183,232.85095933680256,144.6274509458684,25.78604105751624,29.81515928087125,247.46008467325294,19.988524846549474,11.59013239057988,6.989169110021937,19.867799003146704,14.073708255796127,279.1492835577812,39.9043499240013,13.978415643273165,12.679874635784882,6.3300287573804965,35.81965408888839,47.72987212051477,29.076887178055497,23.02285707838947
Fulham,Median,26.0,17.0,1596.5,0.5,1.0,2.0,0.0,1.0,0.95,22.0,51.0,38.0,0.015,0.09,0.095,0.085,0.265,561.5,8918.5,9.0,38.5,6.0,1.0,51.0,26.5,2.025,3.0,0.18,20.5,12.0,7.0,11.5,2.0,9.0,6.5,893.5,21.5,129.5,341.0,196.0,25.0,17.5,508.0,22.0,16.0,4.0,14.0,6.5,596.0,38.0,14.5,13.0,0.5,13.0,51.0,10.5,17.5
Fulham,Mean,23.772727272727273,16.954545454545453,1523.2727272727273,2.227272727272727,1.9090909090909092,3.1818181818181817,0.09090909090909091,2.0772727272727276,1.5909090909090908,32.18181818181818,63.86363636363637,62.77272727272727,0.16863636363636364,0.1081818181818182,0.14863636363636362,0.10181818181818182,0.5313636363636363,588.2272727272727,10245.772727272728,15.272727272727273,47.18181818181818,12.5,3.9545454545454546,63.86363636363637,35.0,2.266818181818182,4.0,0.22545454545454546,25.818181818181817,15.636363636363637,12.0,13.136363636363637,3.3636363636363638,9.772727272727273,10.818181818181818,872.3636363636364,93.5,279.40909090909093,358.95454545454544,243.63636363636363,35.54545454545455,24.227272727272727,514.9090909090909,32.18181818181818,21.0,8.181818181818182,19.636363636363637,10.909090909090908,581.9090909090909,62.77272727272727,16.363636363636363,13.545454545454545,1.7272727272727273,35.36363636363637,60.18181818181818,19.09090909090909,20.0
Fulham,Std,9.211441220061568,11.180243087600354,935.531129095389,3.2649920612726087,2.561790499391112,2.9702711698615705,0.29424494316824984,2.670996214752237,1.8204942005398246,35.314419506884505,48.530104014631945,70.3406214807847,0.25471357311498793,0.12385230696032246,0.15387983730497096,0.08203578566619649,0.6105758051649393,488.0132640486792,8928.602604534315,16.985096599475273,40.61976573006506,18.664328084802378,6.820677753833927,48.530104014631945,32.919816003651746,1.6336794182331005,4.375255094603872,0.2154005631315819,22.85072961977022,14.763357001600616,12.850792082313726,11.162417618937537,4.135162282131996,8.568668386749364,13.31535584574071,670.406454214765,227.19422150599314,356.3023941877126,308.7232505894971,232.60605271053407,38.50754690747216,26.84156658933485,412.81402581964187,35.314419506884505,23.784749015162756,11.030850088712732,18.47919152670158,11.807620989001697,444.6149654841451,70.3406214807847,13.950748246003748,11.47140242485955,3.2098333762097844,51.18737330775224,46.279313864564706,20.80958819964876,20.57275128022733
Ipswich Town,Median,18.0,11.0,979.0,0.0,0.0,2.0,0.0,0.5,0.3,9.0,18.0,14.0,0.0,0.0,0.04,0.03,0.07,208.0,4206.0,4.0,17.0,3.0,0.0,18.0,12.0,1.33,1.0,0.1,12.0,8.0,5.0,8.0,2.0,6.0,6.0,433.0,28.0,123.0,146.0,87.0,11.0,7.0,216.0,9.0,6.0,1.0,11.0,4.0,274.0,14.0,10.0,8.0,1.0,6.0,37.0,7.0,12.0
Ipswich Town,Mean,17.93103448275862,12.586206896551724,1130.7931034482758,1.0689655172413792,0.7241379310344828,2.8275862068965516,0.1724137931034483,1.0310344827586206,0.6827586206896552,14.689655172413794,27.310344827586206,26.620689655172413,0.08172413793103449,0.05655172413793104,0.08827586206896551,0.05310344827586208,0.23275862068965517,342.13793103448273,6102.758620689655,7.827586206896552,25.586206896551722,4.724137931034483,1.3793103448275863,27.310344827586206,18.379310344827587,1.4586206896551723,1.6896551724137931,0.12448275862068964,18.03448275862069,10.068965517241379,9.137931034482758,13.517241379310345,5.896551724137931,7.620689655172414,9.586206896551724,570.1724137931035,93.79310344827586,236.6206896551724,223.79310344827587,115.89655172413794,17.275862068965516,17.448275862068964,281.58620689655174,14.689655172413794,9.689655172413794,4.379310344827586,16.20689655172414,9.620689655172415,336.2068965517241,26.620689655172413,13.241379310344827,11.793103448275861,1.5517241379310345,14.551724137931034,43.275862068965516,16.344827586206897,16.275862068965516
Ipswich Town,Std,8.774683691827622,9.634451727966786,789.8995586831794,2.328872113319459,0.9962985684213461,2.5504756631605767,0.3844258722192447,1.7507352431551766,0.9702978060947656,18.128713310806667,25.726727969559295,35.53611220907488,0.13640980708138362,0.08792350011186532,0.11323392240078062,0.05555585659469615,0.33406475582399264,306.6823303096185,5533.331137332146,11.222009514206704,28.359323537896557,6.005334246223684,2.7827760176722847,25.726727969559295,21.01430430020644,1.2222424477104457,2.0372153311367747,0.1499186971779931,16.332445269245706,9.22702178573795,10.119726626499052,14.1310718672798,9.766359270424921,7.575400946972323,9.515090425887076,464.0979783381274,132.41260711188903,248.82099328534838,212.58651672576994,122.83419278139195,21.292011499493917,26.169210653110966,222.8520516975619,18.128713310806667,11.010071520060498,7.565966056263537,20.688815664412964,13.842000766568209,280.7676186190719,35.53611220907488,14.603461361740319,11.684480886888348,2.8105185959756827,29.140774338785842,35.96515829017632,22.005317315316844,18.005746209244542
Leicester City,Median,21.0,14.5,1355.0,0.0,0.0,2.0,0.0,0.35,0.4,14.0,28.5,19.5,0.0,0.0,0.04,0.025,0.185,404.0,6180.5,5.0,23.0,4.5,0.5,28.5,13.5,1.39,0.5,0.015,19.5,10.5,7.0,14.0,3.5,7.5,7.5,696.5,33.0,147.5,301.0,87.5,12.5,10.5,380.0,14.0,6.5,2.0,11.0,6.5,416.5,19.5,11.5,9.0,0.5,6.5,37.5,10.0,14.5
Leicester City,Mean,19.73076923076923,14.384615384615385,1292.2307692307693,1.0384615384615385,0.8076923076923077,3.076923076923077,0.0,1.1307692307692305,0.8653846153846154,20.346153846153847,37.96153846153846,37.46153846153846,0.05846153846153846,0.05653846153846154,0.06615384615384616,0.06538461538461539,0.2526923076923077,471.3076923076923,7921.576923076923,8.153846153846153,33.34615384615385,7.153846153846154,2.1538461538461537,37.96153846153846,18.73076923076923,1.4184615384615382,1.7692307692307692,0.11653846153846155,24.5,14.346153846153847,12.5,16.692307692307693,6.615384615384615,10.076923076923077,10.846153846153847,728.8846153846154,98.42307692307692,272.46153846153845,330.7307692307692,132.15384615384616,19.923076923076923,20.307692307692307,412.88461538461536,20.346153846153847,11.692307692307692,4.461538461538462,15.038461538461538,10.115384615384615,462.4230769230769,37.46153846153846,12.961538461538462,11.26923076923077,2.0384615384615383,20.03846153846154,48.46153846153846,16.346153846153847,17.53846153846154
Leicester City,Std,9.568940139044418,9.810512415065476,811.2181116169587,1.799572598830494,1.132050556087696,2.57562539082184,0.0,2.084757871939901,1.0563871667877485,22.200796936492722,34.587258658911686,40.218633262935,0.09111277880483319,0.08648432494700102,0.08621261731681382,0.07976118199880286,0.26676667996296227,372.4481998056395,6426.655299130813,8.90254933237579,31.998677857301924,8.45549434482601,3.895559602340159,34.587258658911686,18.40555936081855,1.1337996024260806,2.3716271596976166,0.1491829027118673,22.452171387195495,13.481668465564068,13.182564242210239,14.098990689462081,8.114564304148058,8.550663492024825,11.814202665240876,532.201565343288,166.7899692612054,281.9567670078845,279.31209178154927,132.46152416688923,23.608342723576474,26.047294263733775,292.5893131230978,22.200796936492722,11.80430169309216,6.185342475438328,14.323353711280802,12.258309583550004,333.7230196527561,40.218633262935,10.550756443898301,9.53963392298758,4.870160319585129,26.951038227468374,37.8705487356397,16.557638255964665,16.37859766703064
Liverpool,Median,28.0,19.0,1627.0,1.0,2.0,3.0,0.0,1.7,1.2,23.0,67.0,54.0,0.04,0.14,0.07,0.11,0.35,630.0,11124.0,11.0,39.0,8.0,1.0,67.0,35.0,2.71,4.0,0.34,26.0,15.0,8.0,9.0,2.0,8.0,7.0,801.0,27.0,160.0,280.0,195.0,42.0,16.0,510.0,23.0,17.0,5.0,19.0,11.0,570.0,54.0,15.0,12.0,1.0,6.0,62.0,9.0,12.0
Liverpool,Mean,24.476190476190474,17.80952380952381,1596.3809523809523,3.761904761904762,2.8095238095238093,2.9523809523809526,0.09523809523809523,3.6285714285714286,2.628571428571429,35.19047619047619,81.38095238095238,80.61904761904762,0.16904761904761903,0.14761904761904762,0.1895238095238095,0.13666666666666666,0.5071428571428572,778.0952380952381,13238.142857142857,22.0,67.71428571428571,18.61904761904762,3.619047619047619,81.38095238095238,49.80952380952381,2.6333333333333333,6.476190476190476,0.3480952380952381,28.047619047619047,17.285714285714285,11.857142857142858,15.428571428571429,3.9523809523809526,11.476190476190476,12.904761904761905,1102.047619047619,97.71428571428571,301.3809523809524,497.5238095238095,312.8095238095238,55.80952380952381,28.238095238095237,632.7142857142857,35.19047619047619,23.761904761904763,13.714285714285714,22.571428571428573,14.476190476190476,769.6666666666666,80.61904761904762,18.523809523809526,15.19047619047619,2.619047619047619,31.047619047619047,68.85714285714286,17.904761904761905,15.952380952380953
Liverpool,Std,8.902915520317196,11.994244651577889,981.7646599970116,6.503112807761847,3.9701265423037544,2.290768222151479,0.30079260375911915,5.487544337601552,3.120599759203807,36.3972788098493,67.2699607480755,107.99003481362352,0.24055986285963757,0.1455645822961328,0.21020171717843295,0.11947105646696748,0.45370852821104063,629.732554721598,11217.987712980053,22.645087767549057,70.61454726693562,22.59972608346435,5.877722266968647,67.2699607480755,45.47594864059358,1.54885871961691,6.569772047940839,0.26352645118885215,24.080025312437257,14.76869275576839,11.100836519315624,14.712482552483888,4.565919299288923,12.746054478225988,15.74771336386576,814.8852358578156,150.7335871188445,321.09149415555623,465.1158585823127,282.09388845694957,72.30049726496979,35.28300548692636,454.4827986686782,36.3972788098493,21.271823527626314,25.809189946882984,24.78219406866839,15.83230573106472,567.9636725472267,107.99003481362352,16.460920532032976,13.197041515502814,4.3985928485845385,44.27016624147258,49.31864324399619,25.97672951297904,13.00183137283433
Manchester City,Median,22.0,16.0,1404.0,1.0,0.0,2.0,0.0,1.2,1.5,34.0,62.0,25.0,0.06,0.0,0.07,0.07,0.33,676.0,10078.0,9.0,42.0,11.0,1.0,62.0,33.0,2.13,3.0,0.28,15.0,7.0,5.0,11.0,1.0,9.0,5.0,878.0,35.0,197.0,331.0,324.0,22.0,21.0,563.0,34.0,23.0,3.0,10.0,11.0,630.0,25.0,10.0,12.0,0.0,8.0,46.0,5.0,8.0
Manchester City,Mean,19.24,14.92,1341.76,2.6,1.88,2.32,0.04,2.4960000000000004,1.9920000000000002,40.56,68.16,67.48,0.1832,0.10279999999999999,0.16399999999999998,0.11960000000000001,0.46880000000000005,767.72,12456.0,16.92,59.68,15.32,2.28,68.16,39.04,2.4212,4.56,0.2812,17.68,10.8,6.64,12.04,3.2,8.84,7.96,1000.36,76.12,234.16,430.92,343.48,47.12,28.64,643.48,40.56,30.36,14.04,16.72,14.24,757.48,67.48,10.36,13.44,1.68,22.96,51.72,10.96,11.72
Manchester City,Std,8.762039336440653,8.405950273467004,744.1720388010647,4.406434688800762,2.5053276565484737,1.7492855684535902,0.2,4.170079935285014,2.2165889710694375,43.47995706836274,58.15401963751087,75.24411383401805,0.25258199988650554,0.1409940897106447,0.22134061233010688,0.12604496552156827,0.5252802426641738,566.6331499891854,9299.120500527635,16.484639314626612,61.617584070350134,15.523423162004786,3.062134331910778,58.15401963751087,33.140458657055426,1.758131868395163,4.426059195266146,0.23896164266816267,16.074617673006514,10.432321569685882,6.061352984276695,9.230745726465802,4.699290726623896,6.731022705849882,8.25873275186131,670.0436478319901,134.0862036154354,233.00101573455282,377.44347479677884,270.0856530806477,50.59917654138915,39.31060077553297,446.0446651775283,43.47995706836274,26.888473366853685,22.040644273704885,14.825428605383836,13.917255476565773,520.4894427363537,75.24411383401805,7.973288740120562,11.165721353022086,2.4617067250182343,31.07716203259236,34.71253375943623,13.408579343092242,10.97922280188053
Manchester Utd,Median,20.5,15.0,1368.5,0.0,0.0,2.5,0.0,0.85,0.55,9.5,43.5,15.5,0.0,0.0,0.06,0.06,0.165,574.0,8340.0,6.5,24.5,5.0,1.0,43.5,15.5,1.94,1.0,0.035,21.0,9.5,6.0,9.0,2.0,7.0,7.0,796.0,22.5,153.0,321.5,103.0,18.0,5.5,488.5,9.5,10.5,1.0,9.5,4.5,551.0,15.5,12.0,7.5,1.0,6.0,47.0,10.5,14.0
Manchester Utd,Mean,18.923076923076923,13.846153846153847,1241.423076923077,1.2692307692307692,0.9230769230769231,2.8076923076923075,0.11538461538461539,1.7153846153846155,1.25,22.615384615384617,47.69230769230769,44.76923076923077,0.06153846153846154,0.04076923076923077,0.12346153846153846,0.08923076923076922,0.35461538461538455,561.9615384615385,9231.807692307691,13.038461538461538,37.92307692307692,10.5,2.1153846153846154,47.69230769230769,30.5,2.3434615384615385,2.269230769230769,0.12153846153846154,27.807692307692307,16.73076923076923,13.615384615384615,12.576923076923077,3.6923076923076925,8.884615384615385,12.884615384615385,824.6923076923077,85.5,292.38461538461536,349.38461538461536,190.53846153846155,31.153846153846153,20.192307692307693,501.96153846153845,22.615384615384617,15.653846153846153,7.384615384615385,16.73076923076923,12.192307692307692,552.6538461538462,44.76923076923077,13.76923076923077,12.384615384615385,2.1153846153846154,20.53846153846154,57.96153846153846,16.153846153846153,16.46153846153846
Manchester Utd,Std,11.156784758784502,10.9020816643146,936.9035456471247,2.1827998956879635,2.0961503175693657,2.4169274837153183,0.4314554973040048,2.364012234772453,1.7086251783232038,32.194505025643025,58.03500270062489,66.41464157386243,0.0986992323249703,0.08643717149111611,0.15398551380418374,0.09324904619021374,0.4565718411749088,469.5700570325353,8300.099493472258,17.754955971177782,41.14065928195423,15.313392831113555,2.790368048511495,58.03500270062489,36.91530847764921,1.4903581913290302,3.8941771126407927,0.20724270424200333,28.312568559944157,17.312556581412675,14.612534134986783,11.211326690175706,4.986134621281144,8.723884103205053,12.977910226463806,669.3681659135439,195.38828009888414,326.10281531113185,311.60848215965837,225.18529805815132,38.311034763046855,25.749592976618842,404.821489624178,32.194505025643025,18.61599808270791,15.882259091393573,18.270320615266044,14.116711318913426,442.9029638471788,66.41464157386243,11.50411297687116,11.576102705407974,3.179017748637753,37.013760434985,52.002677445862936,16.350394020187544,18.597270271157043
Newcastle Utd,Median,27.0,13.0,1413.0,0.0,1.0,2.0,0.0,0.5,0.9,14.0,56.0,22.0,0.0,0.04,0.11,0.08,0.28,459.0,6537.0,8.0,26.0,8.0,0.0,56.0,27.0,2.01,3.0,0.23,22.0,14.0,7.0,17.0,3.0,9.0,6.0,747.0,26.0,122.0,225.0,127.0,31.0,7.0,471.0,14.0,13.0,4.0,11.0,7.0,538.0,22.0,9.0,11.0,2.0,9.0,46.0,7.0,12.0
Newcastle Utd,Mean,22.565217391304348,16.26086956521739,1459.8260869565217,2.739130434782609,2.0869565217391304,2.5652173913043477,0.043478260869565216,2.547826086956522,1.852173913043478,29.08695652173913,61.17391304347826,60.73913043478261,0.16347826086956524,0.10652173913043479,0.14304347826086955,0.09913043478260869,0.371304347826087,599.4347826086956,10098.478260869566,15.521739130434783,44.17391304347826,14.91304347826087,2.782608695652174,61.17391304347826,36.130434782608695,2.0782608695652174,4.782608695652174,0.22782608695652182,23.82608695652174,14.565217391304348,10.869565217391305,16.73913043478261,5.608695652173913,11.130434782608695,10.782608695652174,898.1304347826087,90.0,294.4347826086956,376.1304347826087,236.30434782608697,41.69565217391305,26.434782608695652,512.1304347826087,29.08695652173913,17.82608695652174,10.434782608695652,18.608695652173914,17.652173913043477,595.0869565217391,60.73913043478261,15.391304347826088,17.608695652173914,3.0434782608695654,26.73913043478261,65.0,18.47826086956522,17.782608695652176
Newcastle Utd,Std,9.917047246381179,12.259383757700755,1021.1437728072785,5.011054972434337,2.843062425021507,3.0275415612569785,0.2085144140570748,4.265279439339487,2.2405091883152144,32.3867439822337,60.89831478032052,69.35692755024176,0.2605520135762841,0.13161958598559623,0.1634412539056797,0.09258475446256409,0.416972904589801,511.82923520243065,9054.408031799985,16.18604776628594,47.285066039456176,17.984622328984436,4.522233174591453,60.89831478032052,35.29654161249189,1.4037924353625175,5.393232474290269,0.2213174708984837,21.35554467901836,13.34447821438625,10.830530700612828,13.938884105931045,7.190518570468543,10.09637355159171,11.508718125202977,713.8810255057037,142.3389041561148,333.7171946542539,343.42477068861774,222.77004751794226,45.775573858285334,30.428494550871406,417.99644456380753,32.3867439822337,16.859451554524767,15.582117042992008,17.343427181591363,20.141789880860713,490.90740777050064,69.35692755024176,16.521993965165958,23.457387148992265,4.300932888968976,38.6302017871843,57.43929601999599,27.521676688512922,19.15714089917465
Nott'ham Forest,Median,28.5,18.0,1699.5,1.0,1.0,2.0,0.0,1.2999999999999998,1.1,12.5,34.0,17.0,0.05500000000000001,0.06,0.07,0.065,0.28500000000000003,433.5,7136.5,11.5,30.5,6.5,1.0,34.0,26.0,1.7149999999999999,2.0,0.13,20.5,13.0,9.5,11.0,3.5,7.5,11.0,778.0,32.0,154.0,283.0,138.5,21.0,11.0,348.0,12.5,10.5,2.0,17.5,9.0,463.5,17.0,12.0,10.0,1.0,6.0,46.5,13.0,18.5
Nott'ham Forest,Mean,23.136363636363637,16.5,1482.6818181818182,2.3636363636363638,1.7272727272727273,3.227272727272727,0.09090909090909091,1.8454545454545455,1.3454545454545455,24.681818181818183,42.54545454545455,42.22727272727273,0.1222727272727273,0.09681818181818182,0.11363636363636366,0.08818181818181818,0.43636363636363634,429.95454545454544,7350.681818181818,13.727272727272727,38.31818181818182,9.227272727272727,2.3181818181818183,42.54545454545455,32.09090909090909,1.9413636363636366,3.727272727272727,0.20272727272727276,28.181818181818183,17.227272727272727,16.818181818181817,17.5,6.454545454545454,11.045454545454545,12.681818181818182,755.4545454545455,99.9090909090909,258.77272727272725,305.22727272727275,200.6818181818182,30.5,24.318181818181817,345.27272727272725,24.681818181818183,16.181818181818183,7.363636363636363,22.363636363636363,12.681818181818182,425.04545454545456,42.22727272727273,15.909090909090908,16.454545454545453,3.5454545454545454,23.363636363636363,62.95454545454545,22.545454545454547,21.863636363636363
Nott'ham Forest,Std,10.222735886460582,12.431718266097372,1036.3232804286708,4.169566090767885,2.4723580065504493,2.776291088447357,0.29424494316824984,2.4839920390807313,1.3803820288074407,32.424838162589644,40.25599898829309,54.23663479708669,0.16925415710395328,0.11651226641477809,0.13605130175767047,0.08633469553823454,0.43121694302062386,313.2790445278135,5840.444482321722,14.219978628949912,34.87581555781185,9.923189858593705,3.137884692961223,40.25599898829309,30.378421368604474,1.3417447612452247,4.881274406017329,0.22365325667376101,24.55244409060961,15.234459117039389,16.293838635790447,17.492175121356134,9.757669865911698,10.176898548637697,10.620673297804679,515.2177281104633,167.81676773334524,270.51237658829194,243.70648462720612,191.68758967296773,29.52117883825102,26.765981187278545,248.5834499755195,32.424838162589644,17.05072645746429,11.826304235113854,22.440493701693764,12.256723572279533,302.7032929285434,54.23663479708669,12.97216467198348,16.064534355818225,5.771252836894195,34.8692052083421,49.91562144328431,24.70343579868477,24.896539163860957
Southampton,Median,20.0,13.0,1122.0,0.0,0.0,2.0,0.0,0.5,0.5,10.0,23.0,20.0,0.0,0.0,0.04,0.03,0.15,242.0,3918.0,5.0,13.0,5.0,1.0,23.0,15.0,1.43,1.0,0.06,13.0,7.0,6.0,7.0,2.0,5.0,5.0,457.0,42.0,161.0,186.0,122.0,15.0,5.0,253.0,10.0,9.0,1.0,9.0,5.0,338.0,20.0,12.0,8.0,0.0,6.0,23.0,8.0,8.0
Southampton,Mean,18.137931034482758,12.862068965517242,1151.344827586207,0.8275862068965517,0.5172413793103449,2.7586206896551726,0.10344827586206896,1.0448275862068965,0.7896551724137931,20.24137931034483,35.55172413793103,34.51724137931034,0.05379310344827587,0.043448275862068966,0.07724137931034482,0.05379310344827586,0.2179310344827586,485.48275862068965,8224.206896551725,8.586206896551724,31.482758620689655,6.758620689655173,1.793103448275862,35.55172413793103,19.586206896551722,1.4175862068965517,1.3793103448275863,0.1089655172413793,20.0,11.517241379310345,9.310344827586206,12.96551724137931,5.689655172413793,7.275862068965517,9.448275862068966,707.0,91.82758620689656,259.0,303.82758620689657,150.3448275862069,21.24137931034483,22.379310344827587,394.2413793103448,20.24137931034483,14.931034482758621,5.068965517241379,14.551724137931034,10.96551724137931,480.2758620689655,34.51724137931034,14.344827586206897,13.275862068965518,1.4827586206896552,17.103448275862068,45.03448275862069,14.172413793103448,12.379310344827585
Southampton,Std,10.056000830815378,9.512113096809902,828.5949930826135,1.0713464664764276,0.8289705171033532,2.8617573573616952,0.40925259281898757,1.362399722888297,0.8957617777967402,26.47593944429788,38.55847711769058,37.54580125817302,0.07997382576744577,0.09729468720148837,0.08887778734725478,0.058518238494107144,0.2848104546428934,464.81552567271666,8264.992193321481,8.942344057425844,38.75437366069168,7.557660127379719,2.554817722668119,38.55847711769058,19.43398577121186,0.8441887702421513,1.8787114334687767,0.14125318776646137,18.890662848538238,10.81209867844871,9.300934854226298,14.536856504909684,8.872523591225177,7.850825942555062,12.067033624408728,616.1692137716717,166.02841171780494,312.2409783667553,297.66208897308815,145.8644859993757,20.11334875224801,31.79107443596557,349.5897243476388,26.47593944429788,18.271623265292234,7.5020522643700565,14.65943432668277,13.655147534435214,421.5171489946188,37.54580125817302,12.989764822651072,15.156084472967422,2.599734734478726,25.955105233551436,42.99375599069232,20.39444771345735,13.299875920751637
Tottenham,Median,21.0,15.0,1252.0,0.0,1.0,2.0,0.0,0.7,0.9,16.0,49.0,31.0,0.0,0.05,0.07,0.08,0.3,693.0,10536.0,7.0,37.0,8.0,1.0,49.0,15.0,1.63,2.0,0.22,13.0,9.0,5.0,15.0,4.0,9.0,10.0,885.0,55.0,228.0,393.0,152.0,24.0,19.0,564.0,16.0,18.0,4.0,15.0,10.0,629.0,31.0,10.0,10.0,1.0,12.0,57.0,9.0,11.0
Tottenham,Mean,18.88888888888889,13.814814814814815,1241.111111111111,2.185185185185185,1.6666666666666667,2.3703703703703702,0.037037037037037035,2.0740740740740744,1.5518518518518518,28.962962962962962,56.22222222222222,55.851851851851855,0.13666666666666666,0.11703703703703702,0.14444444444444443,0.10740740740740741,0.4118518518518518,570.5555555555555,9466.222222222223,13.37037037037037,44.592592592592595,13.185185185185185,3.0,56.22222222222222,30.88888888888889,1.9877777777777776,3.7777777777777777,0.2544444444444444,22.333333333333332,14.185185185185185,9.444444444444445,14.555555555555555,5.074074074074074,9.481481481481481,10.481481481481481,828.3333333333334,83.74074074074075,266.81481481481484,350.44444444444446,219.22222222222223,35.51851851851852,27.666666666666668,519.0370370370371,28.962962962962962,19.48148148148148,8.666666666666666,17.88888888888889,14.296296296296296,566.0370370370371,55.851851851851855,14.518518518518519,16.333333333333332,2.037037037037037,26.444444444444443,56.22222222222222,13.703703703703704,14.222222222222221
Tottenham,Std,9.279146733539896,8.119478180642272,696.5408118438593,3.2703450422175178,2.401922307076307,2.3394303736026156,0.19245008972987523,2.9143666144692166,2.015014863539448,28.863713553767823,47.117964345911254,69.12068804395335,0.21244003678866474,0.1580363837079885,0.18267948672961307,0.11109914465476295,0.4169212897218872,370.15530351184856,6381.720598308249,17.591842839024412,39.43666710373371,16.654953148762214,5.08391127441794,47.117964345911254,36.41569117980001,1.5393288580850206,4.627121827903001,0.2628151344040044,20.613662385007597,13.997354247354247,10.742916569081993,11.991449945476642,5.150996363109134,8.945864409239055,10.685613514550122,513.7139281740373,114.26036145326252,223.90658028552153,257.7949891100609,227.11270217048516,42.22683285667317,29.09269006786095,309.79316691593806,28.863713553767823,16.955530911476306,11.906688488796153,17.828959444448653,16.178843770646463,338.9958567345491,69.12068804395335,12.819367470206256,15.12257609312341,3.2043417838623687,42.56789448663911,40.60535521079543,13.55278800387812,13.784978818469074
West Ham,Median,23.0,14.0,1347.0,0.0,1.0,2.0,0.0,1.4,1.1,15.0,31.0,25.0,0.0,0.03,0.07,0.07,0.23,510.0,8497.0,9.0,37.0,5.0,1.0,31.0,18.0,1.83,2.0,0.1,17.0,11.0,10.0,19.0,4.0,11.0,8.0,738.0,42.0,196.0,366.0,116.0,24.0,14.0,338.0,15.0,10.0,2.0,12.0,6.0,481.0,25.0,15.0,12.0,1.0,11.0,46.0,11.0,18.0
West Ham,Mean,21.956521739130434,15.826086956521738,1417.4347826086957,1.565217391304348,0.9565217391304348,3.0434782608695654,0.13043478260869565,1.839130434782609,1.2739130434782608,23.869565217391305,45.52173913043478,46.69565217391305,0.09391304347826088,0.07739130434782608,0.13478260869565217,0.09956521739130435,0.3878260869565217,540.2608695652174,9530.95652173913,12.347826086956522,39.26086956521739,10.434782608695652,2.739130434782609,45.52173913043478,30.869565217391305,2.1813043478260865,2.347826086956522,0.14173913043478265,23.82608695652174,14.043478260869565,11.782608695652174,17.434782608695652,6.6521739130434785,10.782608695652174,12.782608695652174,845.1739130434783,113.8695652173913,316.4782608695652,355.0,182.2173913043478,32.08695652173913,30.130434782608695,432.17391304347825,23.869565217391305,15.043478260869565,6.869565217391305,18.652173913043477,15.130434782608695,538.4782608695652,46.69565217391305,16.47826086956522,15.652173913043478,2.9130434782608696,21.91304347826087,58.130434782608695,22.304347826086957,21.043478260869566
West Ham,Std,7.772201401437427,10.464885761062796,877.6885876647799,2.537466290981146,1.521908516829063,2.6194770621349948,0.34435022157509093,2.2384530231297894,1.4216563295563343,30.172691367324628,40.887728282587084,56.900578989392216,0.1345949860755587,0.14454371441018826,0.16169189458567043,0.10372508510785812,0.42653952733532985,401.5972900795142,7262.080170799179,12.474004590099927,33.140496226196994,12.463860801812434,3.557545007756534,40.887728282587084,30.584167543809755,1.5381964183237045,3.1566480445989473,0.1724858933339463,20.204977275893373,11.891472348893803,10.651318833148105,13.303540495797355,8.48318494891337,7.804174417574286,14.91782497471681,583.2413855634665,178.42806147725094,312.03858583736627,283.14821046743185,183.99677776865826,39.06511236324003,45.39754133092761,311.9914993267828,30.172691367324628,16.83199945144952,13.434366878968849,19.48801192260648,22.766211701926103,383.35408146862886,56.900578989392216,13.783618621120148,17.09494528070206,4.209437918408206,27.217830124384307,47.5502646468365,27.034380102193605,18.78461232176622
Wolves,Median,25.0,15.0,1364.0,1.0,1.0,2.0,0.0,0.8,0.9,12.0,30.0,28.0,0.07,0.04,0.08,0.07,0.23,484.0,9479.0,10.0,24.0,4.0,1.0,30.0,21.0,1.78,3.0,0.18,19.0,12.0,10.0,15.0,4.0,9.0,9.0,724.0,55.0,304.0,328.0,123.0,23.0,14.0,390.0,12.0,13.0,3.0,16.0,11.0,482.0,28.0,14.0,10.0,1.0,10.0,43.0,10.0,15.0
Wolves,Mean,22.08695652173913,16.17391304347826,1452.1739130434783,2.1739130434782608,1.6956521739130435,3.217391304347826,0.08695652173913043,1.7521739130434781,1.3956521739130432,23.130434782608695,45.0,44.34782608695652,0.12434782608695653,0.10304347826086957,0.11347826086956521,0.08217391304347825,0.36,548.695652173913,9376.217391304348,12.304347826086957,38.56521739130435,10.652173913043478,2.6956521739130435,45.0,29.17391304347826,1.82,3.9130434782608696,0.2582608695652174,30.869565217391305,18.130434782608695,16.08695652173913,17.47826086956522,5.782608695652174,11.695652173913043,11.826086956521738,852.0869565217391,99.69565217391305,299.60869565217394,384.39130434782606,178.52173913043478,27.73913043478261,27.47826086956522,466.7391304347826,23.130434782608695,17.695652173913043,5.565217391304348,22.304347826086957,14.08695652173913,544.4347826086956,44.34782608695652,19.304347826086957,16.608695652173914,2.4782608695652173,21.08695652173913,64.17391304347827,17.47826086956522,18.869565217391305
Wolves,Std,8.680767893757812,10.547089964505261,848.6557633947248,3.9387604639143587,2.224548628551535,2.7461795236809605,0.28810406552003043,2.477144537423793,1.7800608418788704,27.19342224580671,40.33383420675726,47.075962497428435,0.1704759670333868,0.13377167734643625,0.12264541260561515,0.07988380890331398,0.4134774919673819,399.8346743323032,6297.29075192096,12.436876188499394,32.71894931486607,12.654890163857154,3.4566771039237256,40.33383420675726,27.53452737252736,1.0889110490426996,4.14414201536075,0.24573918498190947,27.008928402266076,16.799091825631763,15.075305042830388,12.354129104427141,6.02235624183403,10.155315592467264,9.637295800987497,555.8875714520534,144.5175153846911,245.33849327935675,308.1004468927205,182.8001565458892,31.094017827614874,33.75563194115962,297.89461489095044,27.19342224580671,21.730654474118303,8.40901078906389,22.24744067529545,14.890244040610373,360.9702614402865,47.075962497428435,17.105115616012483,16.754210136925373,3.301095757711525,29.867758602757075,49.3398715533511,17.43004085223761,19.675329147821106
